<?xml version="1.0" encoding="UTF-8"?>
<GenRun Id="framebuffer_synth_1" LaunchPart="xc7a35tcpg236-1" LaunchTime="1511937580">
  <File Type="PA-TCL" Name="framebuffer.tcl"/>
  <File Type="RDS-PROPCONSTRS" Name="framebuffer_drc_synth.rpt"/>
  <File Type="RDS-RDS" Name="framebuffer.vds"/>
  <File Type="RDS-UTIL" Name="framebuffer_utilization_synth.rpt"/>
  <File Type="RDS-UTIL-PB" Name="framebuffer_utilization_synth.pb"/>
  <File Type="RDS-DCP" Name="framebuffer.dcp"/>
  <File Type="VDS-TIMINGSUMMARY" Name="framebuffer_timing_summary_synth.rpt"/>
  <File Type="VDS-TIMING-PB" Name="framebuffer_timing_summary_synth.pb"/>
  <FileSet Name="sources" Type="BlockSrcs" RelSrcDir="$PSRCDIR/framebuffer">
    <File Path="$PSRCDIR/sources_1/ip/framebuffer/framebuffer.xci">
      <FileInfo>
        <Attr Name="UsedIn" Val="synthesis"/>
        <Attr Name="UsedIn" Val="implementation"/>
        <Attr Name="UsedIn" Val="simulation"/>
      </FileInfo>
    </File>
    <Config>
      <Option Name="TopModule" Val="framebuffer"/>
      <Option Name="UseBlackboxStub" Val="1"/>
    </Config>
  </FileSet>
  <FileSet Name="constrs_in" Type="BlockSrcs" RelSrcDir="$PSRCDIR/framebuffer">
    <File Path="$PSRCDIR/sources_1/ip/framebuffer/framebuffer.xci">
      <FileInfo>
        <Attr Name="UsedIn" Val="synthesis"/>
        <Attr Name="UsedIn" Val="implementation"/>
        <Attr Name="UsedIn" Val="simulation"/>
      </FileInfo>
    </File>
    <Config>
      <Option Name="TopModule" Val="framebuffer"/>
      <Option Name="UseBlackboxStub" Val="1"/>
    </Config>
  </FileSet>
  <Strategy Version="1" Minor="2">
    <StratHandle Name="Vivado Synthesis Defaults" Flow="Vivado Synthesis 2016"/>
    <Step Id="synth_design"/>
  </Strategy>
</GenRun>
