,Parameter,Nominal,,,,C5_0,C5_1,C5_2,C5_3,C5_4,C6_0,C6_1,C6_2,C6_3,C7_0,C7_1,C7_2,C7_3,C7_4,C9_0,C9_1,C9_2,C9_3,C9_4,C9_5,C9_6,C9_7,C9_8,C9_9,C9_10,C9_11,C9_12,C9_13,C9_14,C9_15,C9_16,C9_17,C9_18,C9_19,C9_20,C9_21,C9_22,C9_23,C9_24,C9_25,C9_26,C9_27,C9_28,C9_29,C9_30,C9_31,C9_32,C9_33,C9_34,C9_35,C9_36,C9_37,C9_38,C9_39,C9_40,C9_41,C9_42,C9_43,C9_44,C9_45,C9_46,C9_47,C9_48,C9_49,C9_50,C9_51,C9_52,C9_53,C9_54,C9_55,C9_56,C9_57,C9_58,C9_59
,VDD,1,,,,1,1,1,1,1,900e-3,1,1.1,1.2,1,1,1,1,1,900e-3,900e-3,900e-3,900e-3,1,1,1,1,1.1,1.1,1.1,1.1,900e-3,900e-3,900e-3,900e-3,1,1,1,1,1.1,1.1,1.1,1.1,900e-3,900e-3,900e-3,900e-3,1,1,1,1,1.1,1.1,1.1,1.1,900e-3,900e-3,900e-3,900e-3,1,1,1,1,1.1,1.1,1.1,1.1,900e-3,900e-3,900e-3,900e-3,1,1,1,1,1.1,1.1,1.1,1.1
,gpdk045.scs,nom,,,,ff,fs,sf,ss,tt,tt,tt,tt,tt,nom,nom,nom,nom,nom,ff,ff,ff,ff,ff,ff,ff,ff,ff,ff,ff,ff,fs,fs,fs,fs,fs,fs,fs,fs,fs,fs,fs,fs,sf,sf,sf,sf,sf,sf,sf,sf,sf,sf,sf,sf,ss,ss,ss,ss,ss,ss,ss,ss,ss,ss,ss,ss,tt,tt,tt,tt,tt,tt,tt,tt,tt,tt,tt,tt
,temperature,27,,,,27,27,27,27,27,27,27,27,27,-40,0,25,50,100,-40,0,50,100,-40,0,50,100,-40,0,50,100,-40,0,50,100,-40,0,50,100,-40,0,50,100,-40,0,50,100,-40,0,50,100,-40,0,50,100,-40,0,50,100,-40,0,50,100,-40,0,50,100,-40,0,50,100,-40,0,50,100,-40,0,50,100

Test,Output,Nominal,Pass/Fail,Min,Max,C5_0,C5_1,C5_2,C5_3,C5_4,C6_0,C6_1,C6_2,C6_3,C7_0,C7_1,C7_2,C7_3,C7_4,C9_0,C9_1,C9_2,C9_3,C9_4,C9_5,C9_6,C9_7,C9_8,C9_9,C9_10,C9_11,C9_12,C9_13,C9_14,C9_15,C9_16,C9_17,C9_18,C9_19,C9_20,C9_21,C9_22,C9_23,C9_24,C9_25,C9_26,C9_27,C9_28,C9_29,C9_30,C9_31,C9_32,C9_33,C9_34,C9_35,C9_36,C9_37,C9_38,C9_39,C9_40,C9_41,C9_42,C9_43,C9_44,C9_45,C9_46,C9_47,C9_48,C9_49,C9_50,C9_51,C9_52,C9_53,C9_54,C9_55,C9_56,C9_57,C9_58,C9_59
EE223:hw3:1,"value(IT(""/PM2/D"") 1e-06)",-24.5e-6,,-33.88e-6,-15.54e-6,disabled,disabled,disabled,disabled,disabled,disabled,disabled,disabled,disabled,disabled,disabled,disabled,disabled,disabled,-17.3e-6,-20.6e-6,-23.48e-6,-24.28e-6,-19.23e-6,-23.01e-6,-27.22e-6,-29.33e-6,-20.95e-6,-25.07e-6,-30.16e-6,-33.88e-6,-16.38e-6,-19.52e-6,-21.78e-6,-22e-6,-18.36e-6,-22.1e-6,-25.94e-6,-27.25e-6,-20.12e-6,-24.23e-6,-29.17e-6,-32.15e-6,-16.39e-6,-19.42e-6,-21.47e-6,-21.88e-6,-18.57e-6,-22.37e-6,-25.92e-6,-27.13e-6,-20.49e-6,-24.78e-6,-29.67e-6,-32.19e-6,-15.54e-6,-18.3e-6,-19.78e-6,-19.76e-6,-17.82e-6,-21.52e-6,-24.5e-6,-25.09e-6,-19.8e-6,-24.08e-6,-28.6e-6,-30.33e-6,-16.38e-6,-19.5e-6,-21.73e-6,-22.08e-6,-18.44e-6,-22.23e-6,-25.98e-6,-27.32e-6,-20.27e-6,-24.47e-6,-29.43e-6,-32.27e-6
EE223:hw3:1,false,,,,,disabled,disabled,disabled,disabled,disabled,disabled,disabled,disabled,disabled,disabled,disabled,disabled,disabled,disabled,,,,,,,,,,,,,,,,,,,,,,,,,,,,,,,,,,,,,,,,,,,,,,,,,,,,,,,,,,,,
EE223:hw3:1,"value(IT(""/NM3/S"") 1e-06)",-24.5e-6,,-33.88e-6,-15.54e-6,disabled,disabled,disabled,disabled,disabled,disabled,disabled,disabled,disabled,disabled,disabled,disabled,disabled,disabled,-17.3e-6,-20.6e-6,-23.48e-6,-24.28e-6,-19.23e-6,-23.01e-6,-27.22e-6,-29.33e-6,-20.95e-6,-25.07e-6,-30.16e-6,-33.88e-6,-16.38e-6,-19.53e-6,-21.78e-6,-22e-6,-18.36e-6,-22.1e-6,-25.94e-6,-27.26e-6,-20.12e-6,-24.23e-6,-29.17e-6,-32.15e-6,-16.39e-6,-19.42e-6,-21.47e-6,-21.88e-6,-18.57e-6,-22.37e-6,-25.92e-6,-27.13e-6,-20.49e-6,-24.78e-6,-29.67e-6,-32.19e-6,-15.54e-6,-18.3e-6,-19.78e-6,-19.77e-6,-17.82e-6,-21.52e-6,-24.5e-6,-25.09e-6,-19.8e-6,-24.08e-6,-28.6e-6,-30.33e-6,-16.38e-6,-19.5e-6,-21.73e-6,-22.08e-6,-18.45e-6,-22.23e-6,-25.99e-6,-27.32e-6,-20.27e-6,-24.47e-6,-29.43e-6,-32.27e-6
EE223:hw3:2,"value(IT(""/NM3/S"") 1e-06)",-23.47e-6,,-25.44e-6,-23.47e-6,-25.44e-6,-24.4e-6,-24.57e-6,-23.47e-6,-24.5e-6,disabled,disabled,disabled,disabled,disabled,disabled,disabled,disabled,disabled,disabled,disabled,disabled,disabled,disabled,disabled,disabled,disabled,disabled,disabled,disabled,disabled,disabled,disabled,disabled,disabled,disabled,disabled,disabled,disabled,disabled,disabled,disabled,disabled,disabled,disabled,disabled,disabled,disabled,disabled,disabled,disabled,disabled,disabled,disabled,disabled,disabled,disabled,disabled,disabled,disabled,disabled,disabled,disabled,disabled,disabled,disabled,disabled,disabled,disabled,disabled,disabled,disabled,disabled,disabled,disabled,disabled,disabled,disabled,disabled
EE223:hw3:3,"value(IT(""/NM3/S"") 1e-06)",-25.44e-6,,-29.58e-6,-21e-6,disabled,disabled,disabled,disabled,disabled,-21e-6,-24.5e-6,-27.27e-6,-29.58e-6,disabled,disabled,disabled,disabled,disabled,disabled,disabled,disabled,disabled,disabled,disabled,disabled,disabled,disabled,disabled,disabled,disabled,disabled,disabled,disabled,disabled,disabled,disabled,disabled,disabled,disabled,disabled,disabled,disabled,disabled,disabled,disabled,disabled,disabled,disabled,disabled,disabled,disabled,disabled,disabled,disabled,disabled,disabled,disabled,disabled,disabled,disabled,disabled,disabled,disabled,disabled,disabled,disabled,disabled,disabled,disabled,disabled,disabled,disabled,disabled,disabled,disabled,disabled,disabled,disabled
EE223:hw3:4,"value(IT(""/NM3/S"") 1e-06)",-24.57e-6,,-27.13e-6,-18.57e-6,disabled,disabled,disabled,disabled,disabled,disabled,disabled,disabled,disabled,-18.57e-6,-22.37e-6,-24.43e-6,-25.92e-6,-27.13e-6,disabled,disabled,disabled,disabled,disabled,disabled,disabled,disabled,disabled,disabled,disabled,disabled,disabled,disabled,disabled,disabled,disabled,disabled,disabled,disabled,disabled,disabled,disabled,disabled,disabled,disabled,disabled,disabled,disabled,disabled,disabled,disabled,disabled,disabled,disabled,disabled,disabled,disabled,disabled,disabled,disabled,disabled,disabled,disabled,disabled,disabled,disabled,disabled,disabled,disabled,disabled,disabled,disabled,disabled,disabled,disabled,disabled,disabled,disabled,disabled

